;fare_amount;pickup_longitude;pickup_latitude;dropoff_longitude;dropoff_latitude;passenger_count
count;10000000.0;10000000.0;10000000.0;9999931.0;9999931.0;10000000.0
mean;11.338542805999996;-72.5077493758111;39.91933805126152;-72.50897364176656;39.91913316507616;1.6847933
std;9.799929707723816;12.99421093984486;9.322538720127707;12.87532421350217;9.237279976799153;1.3234234437322294
min;-107.75;-3439.2450619999995;-3492.263768;-3426.600617;-3488.079513;0.0
25%;6.0;-73.992075;40.734911;-73.99139404296875;40.734032;1.0
50%;8.5;-73.981812;40.752632;-73.98015500000001;40.753157;1.0
75%;12.5;-73.967095;40.767122;-73.963675;40.768103;2.0
max;1273.31;3457.6256829999998;3344.459268;3457.62235;3351.403027;208.0
